display_name,is_valid,count,stackshare_url,stackshare_label
javascript,True,2519657,https://stackshare.io/javascript,javascript
python,True,2176614,https://stackshare.io/python,python
java,True,1911998,https://stackshare.io/java,java
c#,True,1608298,https://stackshare.io/c-sharp,c-sharp
php,True,1462819,https://stackshare.io/php,php
android,True,1413418,https://stackshare.io/android,android
html,True,1183927,https://stackshare.io/html5,html5
jquery,True,1034731,https://stackshare.io/jquery,jquery
c++,False,802651,,
css,True,801145,https://stackshare.io/css-3,css-3
ios,True,685120,https://stackshare.io/ios,ios
sql,True,667918,https://stackshare.io/sql,sql
mysql,True,661965,https://stackshare.io/mysql,mysql
r,True,501128,https://stackshare.io/r-language,r-language
reactjs,True,471177,https://stackshare.io/react,react
node.js,True,469436,https://stackshare.io/nodejs,nodejs
arrays,False,415827,,
c,True,401618,https://stackshare.io/c-lang,c-lang
asp.net,True,374167,https://stackshare.io/asp-net,asp-net
json,True,359111,https://stackshare.io/json,json
python 3.x,False,342175,,
ruby on rails,True,337645,https://stackshare.io/rails,rails
.net,True,335689,https://stackshare.io/dot-net,dot-net
sql server,True,333271,https://stackshare.io/mssql,mssql
swift,True,331629,https://stackshare.io/swift,swift
django,True,310500,https://stackshare.io/django,django
angular,True,301813,https://stackshare.io/angular,angular
objective c,True,292383,https://stackshare.io/objective-c,objective-c
pandas,True,284707,https://stackshare.io/pandas,pandas
excel,False,284157,,
angularjs,True,262760,https://stackshare.io/angularjs,angularjs
regex,False,259677,,
ruby,True,228718,https://stackshare.io/ruby,ruby
linux,True,226738,https://stackshare.io/linux,linux
typescript,True,225746,https://stackshare.io/typescript,typescript
ajax,False,221958,,
iphone,False,221248,,
xml,False,214243,,
vba,False,212773,,
spring,True,209981,https://stackshare.io/spring,spring
laravel,True,209693,https://stackshare.io/laravel,laravel
asp.net mvc,False,201105,,
database,True,194553,https://stackshare.io/db,db
wordpress,True,191963,https://stackshare.io/wordpress,wordpress
string,False,183956,,
mongodb,True,175187,https://stackshare.io/mongodb,mongodb
postgresql,True,173888,https://stackshare.io/postgresql,postgresql
flutter,True,172179,https://stackshare.io/flutter,flutter
wpf,False,169258,,
windows,True,167741,https://stackshare.io/windows,windows
xcode,True,159256,https://stackshare.io/xcode,xcode
amazon web services,False,156506,,
bash,False,154850,,
git,True,151294,https://stackshare.io/git,git
oracle,True,150627,https://stackshare.io/oracle,oracle
spring boot,True,145687,https://stackshare.io/spring-boot,spring-boot
dataframe,False,144767,,
firebase,True,142402,https://stackshare.io/firebase,firebase
list,False,141142,,
vb.net,False,140058,,
multithreading,True,139747,https://stackshare.io/threads,threads
azure,False,136587,,
react native,True,135377,https://stackshare.io/react-native,react-native
docker,True,135262,https://stackshare.io/docker,docker
eclipse,True,124841,https://stackshare.io/eclipse,eclipse
algorithm,False,119973,,
macos,True,117118,https://stackshare.io/macos,macos
powershell,True,115716,https://stackshare.io/powershell,powershell
visual studio,True,114483,https://stackshare.io/visual-studio,visual-studio
image,False,113721,,
forms,False,113445,,
numpy,True,113152,https://stackshare.io/numpy,numpy
scala,True,112056,https://stackshare.io/scala,scala
function,False,110837,,
vue.js,True,106324,https://stackshare.io/vue-js,vue-js
api,False,104508,,
twitter bootstrap,False,103044,,
performance,True,101670,https://stackshare.io/speed,speed
selenium,True,101011,https://stackshare.io/selenium,selenium
winforms,False,98689,,
loops,True,96131,https://stackshare.io/loop,loop
python 2.7,False,95286,,
express,True,94826,https://stackshare.io/expressjs,expressjs
matlab,True,94791,https://stackshare.io/matlab,matlab
hibernate,True,94648,https://stackshare.io/hibernate,hibernate
sqlite,True,94455,https://stackshare.io/sqlite,sqlite
kotlin,True,93206,https://stackshare.io/kotlin,kotlin
rest,True,92910,https://stackshare.io/rest,rest
apache,False,92419,,
shell,True,92321,https://stackshare.io/shell,shell
dart,True,92135,https://stackshare.io/dart,dart
entity framework,True,91670,https://stackshare.io/entity-framework,entity-framework
android studio,True,90353,https://stackshare.io/android-studio,android-studio
csv,False,89947,,
maven,True,88155,https://stackshare.io/maven,maven
linq,False,86311,,
dictionary,False,85814,,
qt,True,85768,https://stackshare.io/qt,qt
facebook,False,85681,,
unit testing,True,85062,https://stackshare.io/unittest,unittest
tensorflow,True,82684,https://stackshare.io/tensorflow,tensorflow
apache spark,True,81568,https://stackshare.io/spark,spark
file,False,81349,,
swing,False,81168,,
asp.net core,True,80386,https://stackshare.io/asp-net-core,asp-net-core
class,False,79574,,
sorting,False,76604,,
date,False,76474,,
unity game engine,True,75907,https://stackshare.io/unity-3d,unity-3d
authentication,False,75357,,
symfony,True,73783,https://stackshare.io/symfony,symfony
opencv,True,73108,https://stackshare.io/opencv,opencv
.htaccess,False,73020,,
t sql,False,72902,,
google chrome,True,72301,https://stackshare.io/google-chrome,google-chrome
go,True,71827,https://stackshare.io/golang,golang
for loop,False,71760,,
matplotlib,True,71543,https://stackshare.io/matplotlib,matplotlib
datetime,False,70715,,
codeigniter,True,69570,https://stackshare.io/codeigniter,codeigniter
http,False,68100,,
perl,True,67974,https://stackshare.io/perl,perl
validation,False,67356,,
sockets,False,66380,,
google maps,True,65952,https://stackshare.io/google-maps,google-maps
object,False,64995,,
uitableview,False,64438,,
xaml,False,62221,,
oop,False,62034,,
if statement,False,61948,,
cordova,True,61644,https://stackshare.io/apache-cordova,apache-cordova
ubuntu,True,60944,https://stackshare.io/ubuntu,ubuntu
web services,False,60104,,
email,False,59343,,
android layout,False,59123,,
spring mvc,True,58426,https://stackshare.io/spring-mvc,spring-mvc
elasticsearch,True,58321,https://stackshare.io/elasticsearch,elasticsearch
kubernetes,True,57748,https://stackshare.io/kubernetes,kubernetes
visual studio code,True,57553,https://stackshare.io/visual-studio-code,visual-studio-code
ms access,True,57515,https://stackshare.io/microsoft-access,microsoft-access
github,True,57440,https://stackshare.io/github,github
parsing,True,57374,https://stackshare.io/parse,parse
user interface,False,57137,,
c++11,False,56590,,
pointers,False,56420,,
security,False,56341,,
ruby on rails 3,False,56044,,
selenium webdriver,True,55889,https://stackshare.io/selenium,selenium
machine learning,False,55550,,
ggplot2,True,55392,https://stackshare.io/ggplot2,ggplot2
nginx,True,55039,https://stackshare.io/nginx,nginx
templates,False,54786,,
flask,True,54747,https://stackshare.io/flask,flask
batch file,True,53913,https://stackshare.io/batch,batch
variables,False,53846,,
sql server 2008,False,53820,,
google apps script,False,53792,,
google sheets,True,53683,https://stackshare.io/google-sheets,google-sheets
exception,False,53568,,
listview,False,52641,,
debugging,False,52167,,
jsp,False,52133,,
jpa,True,51705,https://stackshare.io/java-persistence-api,java-persistence-api
tkinter,False,51588,,
delphi,True,51547,https://stackshare.io/delphi,delphi
gradle,True,51506,https://stackshare.io/gradle,gradle
asynchronous,False,51360,,
pdf,False,51256,,
haskell,True,51030,https://stackshare.io/haskell,haskell
ssl,False,50883,,
wcf,True,50810,https://stackshare.io/wcf,wcf
xamarin,True,50681,https://stackshare.io/xamarin,xamarin
jenkins,True,50558,https://stackshare.io/jenkins,jenkins
amazon s3,True,50213,https://stackshare.io/amazon-s3,amazon-s3
testing,False,50057,,
web scraping,False,49973,,
npm,True,49776,https://stackshare.io/npm,npm
generics,False,49401,,
ionic framework,True,48601,https://stackshare.io/ionic,ionic
google cloud platform,True,48596,https://stackshare.io/google-cloud-platform,google-cloud-platform
web,False,47936,,
unix,False,47558,,
google app engine,True,47032,https://stackshare.io/google-app-engine,google-app-engine
recursion,False,46857,,
mongoose,True,46723,https://stackshare.io/mongoose,mongoose
visual studio 2010,False,46696,,
android fragments,False,45704,,
animation,False,44598,,
session,False,44503,,
.net core,True,44475,https://stackshare.io/dot-net-core,dot-net-core
hadoop,True,44347,https://stackshare.io/hadoop,hadoop
math,False,43960,,
curl,True,43921,https://stackshare.io/curl,curl
assembly,False,43749,,
laravel 5,False,43715,,
svg,False,43674,,
heroku,True,43625,https://stackshare.io/heroku,heroku
django models,False,43525,,
url,False,43520,,
join,False,43416,,
intellij idea,True,43233,https://stackshare.io/intellij-idea,intellij-idea
tomcat,True,43074,https://stackshare.io/tomcat,tomcat
webpack,True,42621,https://stackshare.io/webpack,webpack
winapi,False,42540,,
redirect,False,42463,,
inheritance,False,42432,,
asp.net mvc 4,False,42412,,
keras,True,42348,https://stackshare.io/keras,keras
image processing,False,42134,,
google cloud firestore,True,42071,https://stackshare.io/google-cloud-firestore,google-cloud-firestore
dom,False,41539,,
logging,False,41250,,
gcc,False,41205,,
actionscript 3,False,41200,,
matrix,False,41028,,
post,False,40836,,
button,True,40537,https://stackshare.io/button,button
firebase realtime database,True,40075,https://stackshare.io/firebase-realtime-database,firebase-realtime-database
jquery ui,True,39775,https://stackshare.io/jquery-ui,jquery-ui
pyspark,True,39705,https://stackshare.io/pyspark,pyspark
cocoa,True,39621,https://stackshare.io/cocoa,cocoa
rust,True,39537,https://stackshare.io/rust,rust
d3.js,True,39295,https://stackshare.io/d3,d3
xpath,False,39262,,
optimization,True,39208,https://stackshare.io/optimize,optimize
iis,False,39120,,
internet explorer,True,39082,https://stackshare.io/internet-explorer,internet-explorer
firefox,True,38829,https://stackshare.io/firefox,firefox
select,False,38548,,
asp.net mvc 3,False,38427,,
xslt,False,38377,,
networking,False,38343,,
javafx,True,38318,https://stackshare.io/javafx,javafx
caching,False,38139,,
opengl,True,38033,https://stackshare.io/opengl,opengl
events,False,37942,,
asp.net web api,False,37838,,
next.js,True,37811,https://stackshare.io/next-js,next-js
magento,True,37800,https://stackshare.io/magento,magento
plot,False,37558,,
search,False,37253,,
encryption,False,36996,,
swiftui,True,36963,https://stackshare.io/swiftui,swiftui
stored procedures,False,36936,,
ruby on rails 4,False,36777,,
amazon ec2,True,36739,https://stackshare.io/amazon-ec2,amazon-ec2
dplyr,False,36484,,
memory,False,36034,,
audio,False,36027,,
canvas,True,35984,https://stackshare.io/canvas,canvas
jsf,True,35772,https://stackshare.io/jsf,jsf
redux,False,35480,,
multidimensional array,False,35364,,
random,False,35332,,
vector,True,35171,https://stackshare.io/vector,vector
facebook graph api,False,35047,,
input,False,35019,,
flash,False,34978,,
cookies,False,34968,,
ipad,False,34698,,
xamarin.forms,True,34580,https://stackshare.io/xamarin-forms,xamarin-forms
arraylist,False,34561,,
cocoa touch,True,34544,https://stackshare.io/cocoa-touch,cocoa-touch
indexing,False,34154,,
video,False,34073,,
data structures,False,33648,,
model view controller,False,33620,,
serialization,True,33278,https://stackshare.io/serialized,serialized
servlets,False,33252,,
jdbc,False,33224,,
razor,False,33125,,
mod rewrite,False,33088,,
routes,False,33073,,
woocommerce,True,32990,https://stackshare.io/woocommerce,woocommerce
awk,True,32897,https://stackshare.io/awk,awk
iframe,False,32670,,
beautifulsoup,True,32493,https://stackshare.io/beautifulsoup,beautifulsoup
apache kafka,True,32366,https://stackshare.io/kafka,kafka
filter,False,32204,,
design patterns,True,32029,https://stackshare.io/patterns,patterns
text,False,31833,,
cakephp,True,31688,https://stackshare.io/cakephp,cakephp
django rest framework,True,31534,https://stackshare.io/django-rest-framework,django-rest-framework
visual c++,False,31518,,
aws lambda,True,31151,https://stackshare.io/aws-lambda,aws-lambda
docker compose,True,31115,https://stackshare.io/docker-compose,docker-compose
android intent,False,30934,,
excel formula,False,30900,,
azure devops,True,30723,https://stackshare.io/azure-devops,azure-devops
mobile,False,30718,,
react hooks,False,30465,,
struct,False,30387,,
methods,False,30382,,
mvvm,False,30079,,
ssh,False,30073,,
groovy,True,30037,https://stackshare.io/groovy,groovy
ecmascript 6,True,29927,https://stackshare.io/es6,es6
lambda,False,29914,,
checkbox,False,29900,,
grails,True,29866,https://stackshare.io/grails,grails
time,False,29778,,
installation,False,29510,,
google chrome extension,False,29493,,
jakarta ee,True,29404,https://stackshare.io/java-ee,java-ee
android recyclerview,False,29309,,
sharepoint,False,29254,,
core data,False,29136,,
meteor,True,29110,https://stackshare.io/meteor,meteor
android activity,False,29023,,
bootstrap 4,False,28823,,
graph,False,28756,,
plsql,False,28751,,
shiny,True,28734,https://stackshare.io/shiny,shiny
sed,False,28700,,
types,False,28668,,
activerecord,False,28644,,
spring security,True,28634,https://stackshare.io/spring-security,spring-security
file upload,False,28114,,
websocket,False,28114,,
scikit learn,True,28109,https://stackshare.io/scikit-learn,scikit-learn
vim,True,28064,https://stackshare.io/vim,vim
replace,False,28053,,
cmake,True,27927,https://stackshare.io/cmake,cmake
junit,True,27903,https://stackshare.io/junit,junit
group by,False,27767,,
deep learning,False,27690,,
soap,False,27686,,
boost,True,27652,https://stackshare.io/boost,boost
import,False,27467,,
sass,True,27431,https://stackshare.io/sass,sass
memory management,False,27392,,
dynamic,False,27258,,
silverlight,False,27201,,
error handling,False,27197,,
eloquent,False,27062,,
async await,False,26896,,
gridview,False,26840,,
layout,False,26804,,
svn,True,26722,https://stackshare.io/svn,svn
browser,False,26690,,
apache spark sql,False,26627,,
charts,False,26529,,
dependency injection,False,26505,,
cmd,False,26474,,
vuejs2,False,26439,,
while loop,False,26374,,
deployment,False,26218,,
ffmpeg,True,26094,https://stackshare.io/ffmpeg,ffmpeg
view,False,26011,,
dll,False,25972,,
highcharts,True,25902,https://stackshare.io/highcharts,highcharts
c# 4.0,False,25845,,
foreach,False,25673,,
plugins,False,25632,,
reporting services,False,25526,,
google bigquery,True,25526,https://stackshare.io/google-bigquery,google-bigquery
makefile,True,25289,https://stackshare.io/make,make
twitter,False,25283,,
server,False,25212,,
redis,True,25191,https://stackshare.io/redis,redis
google maps api 3,False,25097,,
https,False,25093,,
merge,False,25058,,
unicode,False,25025,,
reflection,True,24981,https://stackshare.io/reflect,reflect
mysqli,False,24960,,
extjs,False,24884,,
jupyter notebook,False,24849,,
axios,True,24497,https://stackshare.io/axios,axios
split,True,24344,https://stackshare.io/split,split
terminal,False,24267,,
encoding,False,24255,,
django views,False,24172,,
netbeans,True,24166,https://stackshare.io/netbeans,netbeans
oauth 2.0,True,24079,https://stackshare.io/oauth2,oauth2
database design,False,24018,,
collections,False,23983,,
ember.js,True,23979,https://stackshare.io/emberjs,emberjs
hash,False,23938,,
pdo,False,23917,,
apache flex,True,23883,https://stackshare.io/apache-flex,apache-flex
data binding,False,23742,,
automation,False,23696,,
tcp,False,23673,,
pip,True,23573,https://stackshare.io/pip,pip
command line,False,23507,,
build,False,23408,,
react redux,True,23337,https://stackshare.io/react-redux,react-redux
printing,False,23285,,
sqlalchemy,True,23186,https://stackshare.io/sqlalchemy,sqlalchemy
pytorch,True,23178,https://stackshare.io/pytorch,pytorch
service,False,23159,,
java 8,True,23121,https://stackshare.io/java-8,java-8
html table,False,22998,,
visual studio 2012,False,22949,,
neo4j,True,22796,https://stackshare.io/neo4j,neo4j
jestjs,True,22795,https://stackshare.io/jest,jest
parameters,False,22761,,
spring data jpa,False,22761,,
ansible,True,22735,https://stackshare.io/ansible,ansible
concurrency,False,22713,,
module,False,22684,,
jquery mobile,True,22583,https://stackshare.io/jquery-mobile,jquery-mobile
promise,False,22577,,
webview,False,22537,,
web applications,False,22494,,
lua,True,22465,https://stackshare.io/lua,lua
material ui,True,22404,https://stackshare.io/material-ui,material-ui
enums,False,22395,,
uwp,False,22335,,
utf 8,False,22249,,
datatable,False,22247,,
outlook,False,22223,,
flexbox,True,22106,https://stackshare.io/flex,flex
firebase authentication,True,21979,https://stackshare.io/firebase-authentication,firebase-authentication
drop down menu,False,21944,,
hive,True,21879,https://stackshare.io/apache-hive,apache-hive
python requests,True,21872,https://stackshare.io/requests,requests
scroll,False,21799,,
tfs,True,21783,https://stackshare.io/azure-devops-server,azure-devops-server
colors,False,21768,,
entity framework core,True,21732,https://stackshare.io/entity-framework-core,entity-framework-core
count,False,21545,,
syntax,False,21519,,
parallel processing,False,21503,,
twitter bootstrap 3,False,21471,,
google analytics,True,21374,https://stackshare.io/google-analytics,google-analytics
scipy,True,21240,https://stackshare.io/scipy,scipy
ssis,False,21200,,
file io,False,21127,,
ms word,False,21120,,
fonts,False,21036,,
paypal,True,21025,https://stackshare.io/paypal,paypal
constructor,False,20988,,
graphql,True,20976,https://stackshare.io/graphql,graphql
three.js,False,20964,,
gwt,True,20825,https://stackshare.io/gwt,gwt
socket.io,True,20800,https://stackshare.io/socket-io,socket-io
rxjs,True,20728,https://stackshare.io/rxjs,rxjs
datatables,True,20702,https://stackshare.io/datatables,datatables
cassandra,True,20686,https://stackshare.io/cassandra,cassandra
discord,True,20645,https://stackshare.io/discord,discord
backbone.js,True,20622,https://stackshare.io/backbone,backbone
solr,True,20566,https://stackshare.io/solr,solr
graphics,False,20560,,
url rewriting,False,20501,,
datagridview,False,20396,,
zend framework,True,20395,https://stackshare.io/zend-framework,zend-framework
nlp,False,20390,,
drupal,True,20370,https://stackshare.io/drupal,drupal
compiler errors,False,20358,,
oracle11g,False,20328,,
react router,True,20321,https://stackshare.io/react-router,react-router
memory leaks,False,20283,,
knockout.js,True,20274,https://stackshare.io/knockout,knockout
oauth,False,20185,,
django forms,False,20121,,
neural network,False,20079,,
interface,False,19999,,
google api,False,19844,,
casting,False,19842,,
linked list,False,19805,,
triggers,False,19771,,
parse platform,False,19679,,
proxy,False,19639,,
windows phone 7,False,19635,,
visual studio 2015,False,19632,,
timer,False,19616,,
django templates,False,19581,,
directory,False,19556,,
path,False,19489,,
cron,True,19479,https://stackshare.io/cron,cron
angular material,True,19475,https://stackshare.io/angular-material,angular-material
orm,False,19393,,
arduino,True,19370,https://stackshare.io/arduino,arduino
jmeter,False,19314,,
primefaces,True,19314,https://stackshare.io/primefaces,primefaces
push notification,False,19267,,
powerbi,True,19206,https://stackshare.io/powerbi,powerbi
conditional statements,False,19176,,
model,False,19019,,
functional programming,False,18977,,
jar,False,18921,,
xamarin.android,False,18821,,
visual studio 2013,False,18761,,
vbscript,True,18719,https://stackshare.io/vbscript,vbscript
uiview,False,18704,,
terraform,True,18698,https://stackshare.io/terraform,terraform
hyperlink,False,18673,,
download,False,18476,,
swift3,False,18450,,
pygame,True,18404,https://stackshare.io/pygame,pygame
sql server 2005,False,18377,,
process,False,18218,,
rspec,True,18217,https://stackshare.io/rspec,rspec
windows phone 8,False,18211,,
properties,False,18162,,
callback,False,18109,,
combobox,False,18104,,
configuration,False,18069,,
gitlab,True,17931,https://stackshare.io/gitlab,gitlab
google cloud functions,True,17817,https://stackshare.io/google-cloud-functions,google-cloud-functions
azure active directory,True,17812,https://stackshare.io/azure-active-directory,azure-active-directory
scrapy,True,17801,https://stackshare.io/scrapy,scrapy
safari,True,17782,https://stackshare.io/safari,safari
emacs,True,17710,https://stackshare.io/emacs,emacs
scripting,False,17700,,
pagination,False,17696,,
permissions,False,17691,,
clojure,True,17643,https://stackshare.io/clojure,clojure
jwt,True,17638,https://stackshare.io/json-web-token,json-web-token
raspberry pi,True,17593,https://stackshare.io/raspberry-pi,raspberry-pi
scope,True,17570,https://stackshare.io/scope,scope
angularjs directive,False,17538,,
io,False,17535,,
nhibernate,True,17512,https://stackshare.io/nhibernate,nhibernate
linux kernel,True,17505,https://stackshare.io/linux-kernel,linux-kernel
request,False,17466,,
responsive design,False,17385,,
mongodb query,False,17378,,
playframework,False,17279,,
compilation,False,17255,,
bluetooth,False,17226,,
dns,False,17223,,
doctrine orm,True,17209,https://stackshare.io/doctrine2,doctrine2
binding,False,17205,,
3d,False,17197,,
reference,False,17177,,
version control,False,17157,,
discord.js,False,17152,,
get,False,17151,,
architecture,False,17132,,
x86,False,17118,,
sql server 2012,False,17084,,
pyqt,True,17071,https://stackshare.io/pyqt,pyqt
package,False,16944,,
f#,True,16928,https://stackshare.io/f-sharp,f-sharp
rubygems,True,16922,https://stackshare.io/rubygems,rubygems
pycharm,True,16804,https://stackshare.io/pycharm,pycharm
kendo ui,True,16804,https://stackshare.io/kendo-ui,kendo-ui
autocomplete,False,16785,,
yii,True,16777,https://stackshare.io/yii,yii
datepicker,False,16770,,
tree,False,16736,,
controller,False,16660,,
xamarin.ios,False,16634,,
openssl,True,16551,https://stackshare.io/openssl,openssl
grep,False,16507,,
jackson,True,16491,https://stackshare.io/jackson,jackson
nested,False,16477,,
phpmyadmin,True,16409,https://stackshare.io/phpmyadmin,phpmyadmin
static,False,16407,,
statistics,False,16389,,
uiviewcontroller,False,16300,,
datagrid,False,16289,,
nan,False,16252,,
active directory,False,16226,,
transactions,False,16158,,
webforms,False,16141,,
notifications,False,16042,,
youtube,False,16001,,
nullpointerexception,False,15975,,
discord.py,False,15888,,
duplicates,False,15849,,
sas,True,15848,https://stackshare.io/sas,sas
menu,False,15838,,
stream,True,15780,https://stackshare.io/stream,stream
mocking,False,15724,,
azure functions,True,15724,https://stackshare.io/azure-functions,azure-functions
bitmap,False,15712,,
jsf 2,False,15698,,
asp.net mvc 5,False,15662,,
computer vision,False,15660,,
visual studio 2008,False,15652,,
android listview,False,15553,,
dockerfile,False,15538,,
yii2,False,15492,,
stl,False,15453,,
ant,True,15416,https://stackshare.io/ant,ant
sum,False,15413,,
yaml,True,15366,https://stackshare.io/yaml,yaml
time series,False,15331,,
css selectors,False,15321,,
expo,True,15307,https://stackshare.io/expo,expo
electron,True,15237,https://stackshare.io/electron,electron
hashmap,False,15223,,
character encoding,False,15191,,
jboss,True,15169,https://stackshare.io/jboss,jboss
floating point,False,15123,,
joomla,True,15118,https://stackshare.io/joomla,joomla
devise,True,15025,https://stackshare.io/devise,devise
msbuild,False,15007,,
sdk,False,15006,,
frontend,False,14976,,
cryptography,False,14974,,
google drive api,True,14863,https://stackshare.io/google-drive,google-drive
background,False,14860,,
anaconda,True,14834,https://stackshare.io/anaconda,anaconda
navigation,False,14816,,
linq to sql,False,14812,,
camera,False,14767,,
binary,False,14746,,
pyqt5,False,14706,,
ios7,False,14690,,
selenium chromedriver,False,14673,,
onclick,False,14642,,
iterator,False,14538,,
android asynctask,False,14537,,
multiprocessing,False,14494,,
asp.net core mvc,False,14494,,
laravel 4,False,14440,,
tabs,False,14366,,
insert,False,14344,,
uicollectionview,False,14340,,
cuda,True,14325,https://stackshare.io/cuda,cuda
rabbitmq,True,14299,https://stackshare.io/rabbitmq,rabbitmq
ftp,False,14211,,
upload,False,14188,,
plotly,False,14153,,
textview,False,14126,,
coldfusion,False,14123,,
xsd,False,14117,,
mariadb,True,14096,https://stackshare.io/mariadb,mariadb
console,False,14094,,
opengl es,False,14056,,
cors,False,14055,,
linker,False,14010,,
amazon dynamodb,True,13919,https://stackshare.io/amazon-dynamodb,amazon-dynamodb
leaflet,True,13906,https://stackshare.io/leaflet,leaflet
xml parsing,False,13887,,
continuous integration,False,13859,,
environment variables,False,13837,,
operating system,False,13800,,
localization,False,13781,,
formatting,False,13698,,
kivy,True,13685,https://stackshare.io/kivy,kivy
calendar,False,13684,,
json.net,False,13683,,
mockito,True,13664,https://stackshare.io/mockito,mockito
type conversion,False,13633,,
macros,True,13632,https://stackshare.io/macro,macro
timestamp,False,13619,,
data.table,False,13552,,
android ndk,False,13546,,
integer,False,13516,,
segmentation fault,False,13429,,
prolog,False,13394,,
drag and drop,False,13348,,
char,False,13331,,
jasmine,True,13331,https://stackshare.io/jasmine,jasmine
header,False,13319,,
crash,False,13315,,
microsoft graph api,True,13269,https://stackshare.io/microsoft-graph-api,microsoft-graph-api
sprite kit,False,13216,,
automated tests,False,13188,,
itext,False,13182,,
nosql,False,13122,,
annotations,False,13088,,
attributes,False,13067,,
jquery plugins,False,13066,,
mfc,False,13045,,
geometry,False,13041,,
format,False,12978,,
android gradle plugin,False,12978,,
dependencies,False,12976,,
flutter layout,False,12952,,
fortran,True,12941,https://stackshare.io/fortran,fortran
blazor,True,12937,https://stackshare.io/blazor,blazor
event handling,False,12777,,
db2,True,12760,https://stackshare.io/db2,db2
firebase cloud messaging,True,12737,https://stackshare.io/firebase-cloud-messaging,firebase-cloud-messaging
visual studio 2017,False,12699,,
jenkins pipeline,False,12684,,
textbox,False,12681,,
keyboard,False,12675,,
gulp,True,12673,https://stackshare.io/gulp,gulp
libgdx,True,12634,https://stackshare.io/libgdx,libgdx
odoo,True,12608,https://stackshare.io/odoo,odoo
xampp,True,12605,https://stackshare.io/xampp,xampp
crystal reports,True,12518,https://stackshare.io/crystal,crystal
uiscrollview,False,12514,,
julia,True,12495,https://stackshare.io/julia,julia
dom events,False,12487,,
synchronization,False,12482,,
centos,True,12475,https://stackshare.io/centos,centos
postman,True,12460,https://stackshare.io/postman,postman
nuxt.js,True,12445,https://stackshare.io/nuxt,nuxt
vuejs3,False,12404,,
sequelize.js,True,12401,https://stackshare.io/sequelize,sequelize
geolocation,False,12392,,
namespaces,False,12379,,
android emulator,False,12351,,
arm,False,12346,,
aggregation framework,False,12335,,
wso2,True,12327,https://stackshare.io/wso2,wso2
timezone,True,12323,https://stackshare.io/timezone,timezone
webdriver,False,12297,,
com,False,12268,,
chart.js,False,12264,,
jvm,False,12257,,
subprocess,False,12214,,
html5 canvas,False,12207,,
windows 10,True,12203,https://stackshare.io/windows-10,windows-10
dialog,False,12195,,
swagger,False,12192,,
nestjs,True,12192,https://stackshare.io/nestjs,nestjs
numbers,False,12170,,
mapreduce,False,12161,,
ionic2,False,12144,,
garbage collection,False,12116,,
widget,False,12113,,
android edittext,False,12092,,
concatenation,False,12087,,
set,False,12067,,
sql update,False,12046,,
xmlhttprequest,False,12038,,
rotation,False,12031,,
modal dialog,True,12028,https://stackshare.io/modal,modal
radio button,False,11991,,
smtp,True,11990,https://stackshare.io/smtp,smtp
tuples,False,11989,,
lucene,True,11984,https://stackshare.io/lucene,lucene
doctrine,False,11978,,
spring data,True,11965,https://stackshare.io/spring-data,spring-data
uikit,True,11959,https://stackshare.io/uikit,uikit
grid,False,11927,,
sonarqube,True,11901,https://stackshare.io/sonarqube,sonarqube
qml,False,11852,,
azure web app service,True,11850,https://stackshare.io/azure-app-service,azure-app-service
http headers,False,11840,,
listbox,False,11832,,
stripe payments,False,11817,,
ios5,False,11758,,
switch statement,True,11749,https://stackshare.io/switch,switch
internationalization,False,11740,,
components,True,11726,https://stackshare.io/component,component
boolean,False,11725,,
nuget,True,11717,https://stackshare.io/nuget,nuget
apache camel,True,11715,https://stackshare.io/apache-camel,apache-camel
initialization,False,11713,,
frameworks,False,11695,,
google play,False,11672,,
ldap,False,11661,,
compiler construction,False,11649,,
eclipse plugin,False,11639,,
serial port,False,11635,,
azure pipelines,True,11621,https://stackshare.io/azure-pipelines,azure-pipelines
return,False,11619,,
java stream,False,11529,,
tags,False,11528,,
youtube api,False,11519,,
asp classic,True,11480,https://stackshare.io/classic-asp,classic-asp
dataset,False,11444,,
google sheets formula,False,11427,,
pivot,False,11422,,
gdb,False,11401,,
uinavigationcontroller,False,11388,,
struts2,False,11352,,
delegates,False,11350,,
foreign keys,False,11348,,
subquery,False,11348,,
network programming,False,11338,,
copy,False,11336,,
containers,False,11333,,
protractor,True,11330,https://stackshare.io/protractor,protractor
sql server 2008 r2,False,11322,,
label,False,11311,,
latex,False,11273,,
uibutton,False,11257,,
find,False,11227,,
base64,False,11206,,
android jetpack compose,False,11175,,
append,False,11169,,
queue,False,11159,,
jaxb,False,11142,,
arguments,False,11131,,
composer php,True,11103,https://stackshare.io/composer,composer
migration,False,11081,,
zip,False,11058,,
autolayout,False,11053,,
snowflake cloud data platform,True,11028,https://stackshare.io/snowflake,snowflake
cucumber,True,11018,https://stackshare.io/cucumber,cucumber
windows 7,False,11005,,
entity framework 6,False,10970,,
popup,False,10954,,
stack,False,10949,,
ide,False,10931,,
google cloud storage,True,10931,https://stackshare.io/google-cloud-storage,google-cloud-storage
jqgrid,False,10866,,
c++17,False,10861,,
iteration,False,10851,,
vb6,False,10816,,
android viewpager,False,10802,,
fetch,False,10756,,
command,False,10738,,
passwords,False,10728,,
hover,False,10728,,
embedded,False,10709,,
uiwebview,False,10705,,
gmail,True,10703,https://stackshare.io/gmail,gmail
ssl certificate,False,10681,,
udp,False,10669,,
ios4,False,10659,,
conv neural network,False,10645,,
r markdown,False,10644,,
uiimageview,False,10627,,
twig,True,10621,https://stackshare.io/twig,twig
range,False,10619,,
vue component,False,10603,,
salesforce,True,10526,https://stackshare.io/salesforce,salesforce
g++,False,10523,,
angular ui router,False,10433,,
jersey,True,10416,https://stackshare.io/jersey,jersey
local storage,False,10416,,
authorization,False,10414,,
bots,False,10409,,
ionic3,False,10381,,
twilio,True,10334,https://stackshare.io/twilio,twilio
airflow,True,10323,https://stackshare.io/airflow,airflow
constants,False,10319,,
user controls,False,10292,,
connection,False,10291,,
windows 8,False,10286,,
wix,True,10272,https://stackshare.io/wix,wix
gps,False,10268,,
polymorphism,False,10248,,
debian,True,10244,https://stackshare.io/debian,debian
compare,False,10243,,
clang,True,10223,https://stackshare.io/c-lang,c-lang
slider,False,10202,,
django admin,False,10194,,
cocos2d iphone,False,10187,,
localhost,False,10183,,
time complexity,False,10124,,
ado.net,False,10093,,
admob,True,10056,https://stackshare.io/admob,admob
save,False,10024,,
pytest,True,10016,https://stackshare.io/pytest,pytest
phpunit,True,10001,https://stackshare.io/phpunit,phpunit
mono,True,9998,https://stackshare.io/mono,mono
jframe,False,9969,,
certificate,False,9964,,
python imaging library,True,9956,https://stackshare.io/pillow,pillow
sbt,True,9941,https://stackshare.io/sbt,sbt
tidyverse,False,9879,,
imageview,False,9875,,
google oauth,False,9875,,
github actions,True,9862,https://stackshare.io/github-actions,github-actions
pipe,False,9860,,
output,False,9829,,
gson,False,9806,,
cypher,False,9802,,
fullcalendar,True,9797,https://stackshare.io/fullcalendar,fullcalendar
cypress,True,9797,https://stackshare.io/cypress,cypress
mapping,False,9787,,
apache poi,True,9781,https://stackshare.io/apache-poi,apache-poi
timeout,False,9772,,
drupal 7,False,9768,,
include,False,9766,,
java native interface,False,9750,,
coffeescript,True,9749,https://stackshare.io/coffeescript,coffeescript
babeljs,True,9723,https://stackshare.io/babel,babel
runtime error,False,9710,,
azure sql database,True,9705,https://stackshare.io/azure-sql-database,azure-sql-database
web crawler,False,9697,,
hex,False,9675,,
int,False,9658,,
erlang,True,9625,https://stackshare.io/erlang,erlang
location,False,9620,,
substring,False,9617,,
icons,False,9612,,
filesystems,False,9605,,
export,False,9600,,
log4j,True,9586,https://stackshare.io/log4j,log4j
odbc,False,9556,,
observable,False,9556,,
jinja2,True,9548,https://stackshare.io/jinja2,jinja2
regression,False,9546,,
seaborn,False,9544,,
syntax error,False,9536,,
elixir,True,9525,https://stackshare.io/elixir,elixir
typo3,True,9515,https://stackshare.io/typo3,typo3
maps,False,9508,,
window,False,9505,,
signalr,True,9492,https://stackshare.io/signalr,signalr
cocoapods,True,9489,https://stackshare.io/cocoapods,cocoapods
storyboard,False,9488,,
iis 7,False,9487,,
command line interface,False,9483,,
treeview,False,9478,,
key,False,9478,,
printf,False,9477,,
telerik,False,9477,,
bluetooth lowenergy,False,9454,,
ruby on rails 5,False,9416,,
realm,True,9414,https://stackshare.io/realm,realm
click,False,9407,,
logic,False,9388,,
thread safety,False,9377,,
kernel,False,9375,,
wordpress theming,False,9365,,
botframework,True,9344,https://stackshare.io/microsoft-bot-framework,microsoft-bot-framework
resources,False,9319,,
ip,False,9308,,
in app purchase,False,9298,,
ios8,False,9295,,
wsdl,False,9289,,
ckeditor,True,9282,https://stackshare.io/ckeditor,ckeditor
amazon elastic beanstalk,True,9281,https://stackshare.io/beanstalk,beanstalk
cloud,False,9277,,
imagemagick,True,9253,https://stackshare.io/imagemagick,imagemagick
thymeleaf,True,9250,https://stackshare.io/thymeleaf,thymeleaf
compression,False,9238,,
uiimage,False,9236,,
dojo,True,9234,https://stackshare.io/dojo,dojo
position,False,9231,,
resize,False,9220,,
malloc,False,9203,,
build.gradle,False,9190,,
microservices,False,9171,,
repository,False,9166,,
state,False,9153,,
data science,False,9131,,
actionscript,True,9125,https://stackshare.io/actionscript,actionscript
jsx,True,9117,https://stackshare.io/jsx,jsx
where clause,False,9101,,
gruntjs,True,9084,https://stackshare.io/grunt,grunt
angularjs ng repeat,False,9074,,
cross browser,False,9071,,
styles,False,9031,,
celery,True,9030,https://stackshare.io/celery,celery
max,False,9021,,
vuetify.js,True,9008,https://stackshare.io/vuetify,vuetify
jquery selectors,False,9005,,
google visualization,True,8991,https://stackshare.io/google-charts,google-charts
pattern matching,False,8991,,
windows services,False,8989,,
webrtc,True,8989,https://stackshare.io/webrtc,webrtc
gpu,False,8958,,
escaping,False,8946,,
angularjs scope,False,8945,,
closures,False,8940,,
asp.net identity,False,8926,,
office365,False,8923,,
pthreads,False,8907,,
shopify,True,8892,https://stackshare.io/shopify,shopify
android actionbar,False,8891,,
constraints,False,8883,,
swift2,False,8878,,
windows installer,False,8867,,
dax,False,8862,,
.net 4.0,False,8832,,
locking,False,8831,,
global variables,False,8829,,
google chrome devtools,False,8793,,
azure data factory,True,8786,https://stackshare.io/azure-data-factory,azure-data-factory
try catch,False,8771,,
markdown,True,8762,https://stackshare.io/markdown,markdown
applescript,False,8761,,
tailwind css,True,8758,https://stackshare.io/tailwind-css,tailwind-css
many to many,False,8738,,
qt5,True,8737,https://stackshare.io/qt5,qt5
http post,False,8734,,
pandas groupby,False,8719,,
windows runtime,False,8705,,
asp.net core webapi,False,8705,,
match,False,8696,,
ios6,False,8690,,
web config,False,8679,,
alignment,False,8674,,
zend framework2,False,8672,,
artificial intelligence,False,8658,,
azure blob storage,True,8658,https://stackshare.io/azure-blob-storage,azure-blob-storage
logstash,True,8614,https://stackshare.io/logstash,logstash
video streaming,False,8612,,
amazon redshift,True,8603,https://stackshare.io/amazon-redshift,amazon-redshift
material design,True,8586,https://stackshare.io/material-design,material-design
singleton,False,8575,,
retrofit,True,8573,https://stackshare.io/retrofit,retrofit
backend,False,8564,,
vagrant,True,8539,https://stackshare.io/vagrant,vagrant
task,True,8535,https://stackshare.io/task,task
jtable,False,8534,,
sh,False,8533,,
ef code first,False,8526,,
uitextfield,False,8516,,
mocha.js,True,8515,https://stackshare.io/mocha,mocha
c++14,False,8512,,
operator overloading,False,8494,,
gtk,False,8492,,
react navigation,True,8488,https://stackshare.io/react-navigation,react-navigation
testng,True,8482,https://stackshare.io/testng,testng
internet explorer 8,False,8481,,
sharepoint 2010,False,8472,,
jasper reports,False,8470,,
asp.net mvc 2,False,8440,,
bitbucket,True,8438,https://stackshare.io/bitbucket,bitbucket
spring batch,True,8432,https://stackshare.io/spring-batch,spring-batch
gitlab ci,True,8427,https://stackshare.io/gitlab-ci,gitlab-ci
controls,False,8424,,
broadcastreceiver,False,8370,,
blackberry,False,8363,,
language agnostic,False,8349,,
double,False,8323,,
hdfs,False,8300,,
tinymce,True,8294,https://stackshare.io/tinymce,tinymce
aggregate,False,8293,,
virtual machine,False,8270,,
polymer,True,8270,https://stackshare.io/polymer,polymer
android sqlite,False,8266,,
bar chart,False,8262,,
aws cloudformation,True,8245,https://stackshare.io/aws-cloudformation,aws-cloudformation
mercurial,True,8244,https://stackshare.io/mercurial,mercurial
webserver,False,8237,,
client,False,8234,,
left join,False,8227,,
pivot table,False,8189,,
akka,True,8177,https://stackshare.io/akka,akka
themes,False,8168,,
comparison,False,8163,,
fragment,False,8153,,
case,False,8140,,
scheme,False,8126,,
out of memory,False,8124,,
overriding,False,8121,,
momentjs,True,8114,https://stackshare.io/moment-js,moment-js
app store,False,8099,,
glsl,True,8090,https://stackshare.io/glsl,glsl
parameter passing,False,8083,,
language lawyer,False,8063,,
apple push notifications,False,8047,,
conda,True,8033,https://stackshare.io/conda,conda
deserialization,False,8023,,
usb,True,7990,https://stackshare.io/usb,usb
mule,False,7990,,
media queries,False,7975,,
devops,False,7969,,
jupyter,True,7963,https://stackshare.io/jupyter,jupyter
html5 video,False,7962,,
full text search,False,7956,,
shared libraries,False,7953,,
apache2,False,7947,,
tcl,False,7947,,
refactoring,False,7940,,
bigdata,False,7936,,
tableview,False,7933,,
accessibility,False,7919,,
rstudio,True,7916,https://stackshare.io/rstudio,rstudio
spring integration,False,7904,,
bit manipulation,False,7894,,
seo,False,7888,,
cygwin,True,7878,https://stackshare.io/cygwin,cygwin
angular6,False,7871,,
query optimization,False,7865,,
apk,False,7858,,
dynamics crm,True,7855,https://stackshare.io/dynamics-crm,dynamics-crm
classification,False,7838,,
runtime,False,7816,,
puppeteer,True,7814,https://stackshare.io/puppeteer,puppeteer
httprequest,False,7810,,
appium,True,7803,https://stackshare.io/appium,appium
operators,False,7802,,
google colaboratory,True,7797,https://stackshare.io/google-colaboratory,google-colaboratory
coding style,False,7785,,
air,False,7782,,
character,False,7782,,
byte,False,7772,,
vuex,True,7761,https://stackshare.io/vuex,vuex
row,True,7745,https://stackshare.io/rows,rows
aws api gateway,True,7745,https://stackshare.io/amazon-api-gateway,amazon-api-gateway
typeerror,False,7733,,
requirejs,True,7727,https://stackshare.io/requirejs,requirejs
bootstrap modal,False,7723,,
sharedpreferences,False,7719,,
asp.net web api2,False,7712,,
glassfish,True,7710,https://stackshare.io/glassfish,glassfish
jax rs,False,7703,,
windows phone 8.1,False,7700,,
rss,False,7691,,
adb,False,7681,,
boto3,False,7681,,
protocol buffers,True,7680,https://stackshare.io/protobuf,protobuf
handlebars.js,True,7674,https://stackshare.io/handlebars,handlebars
visual studio 2019,False,7674,,
openshift,False,7672,,
single sign on,False,7668,,
blob,False,7662,,
keycloak,True,7657,https://stackshare.io/keycloak,keycloak
sql order by,False,7652,,
expression,False,7643,,
token,False,7639,,
filtering,False,7633,,
phantomjs,True,7618,https://stackshare.io/phantomjs,phantomjs
sms,False,7611,,
odata,True,7601,https://stackshare.io/odata,odata
apache flink,True,7588,https://stackshare.io/flink,flink
progress bar,False,7580,,
schema,False,7579,,
decimal,False,7578,,
jpanel,False,7574,,
ocaml,True,7573,https://stackshare.io/ocaml,ocaml
jms,False,7572,,
retrofit2,False,7566,,
oracle sqldeveloper,False,7554,,
css animations,False,7541,,
react router dom,False,7535,,
2d,False,7518,,
ssms,False,7512,,
azure cosmosdb,False,7506,,
report,False,7505,,
phpstorm,True,7501,https://stackshare.io/phpstorm,phpstorm
databricks,True,7494,https://stackshare.io/databricks,databricks
pdf generation,False,7482,,
kendo grid,False,7482,,
applet,False,7463,,
android webview,False,7461,,
data visualization,False,7444,,
nunit,True,7443,https://stackshare.io/nunit,nunit
virtualenv,False,7442,,
grouping,False,7436,,
scanf,False,7416,,
webkit,False,7412,,
firefox addon,False,7405,,
registry,False,7390,,
entity framework 4,False,7390,,
laravel 8,False,7365,,
signals,False,7357,,
streaming,False,7348,,
angular cli,True,7346,https://stackshare.io/angular-cli,angular-cli
python asyncio,True,7345,https://stackshare.io/asyncio,asyncio
xna,False,7306,,
less,True,7300,https://stackshare.io/less,less
google cloud messaging,True,7296,https://stackshare.io/google-cloud-messaging,google-cloud-messaging
console application,False,7294,,
laravel blade,True,7286,https://stackshare.io/blade,blade
nativescript,True,7284,https://stackshare.io/nativescript,nativescript
focus,False,7269,,
scheduled tasks,False,7250,,
aes,False,7232,,
wxpython,False,7227,,
devexpress,False,7227,,
google play services,False,7223,,
tooltip,False,7212,,
jenkins plugins,False,7204,,
content management system,False,7203,,
google cloud datastore,True,7203,https://stackshare.io/google-cloud-datastore,google-cloud-datastore
ipython,True,7197,https://stackshare.io/ipython,ipython
amazon cognito,True,7195,https://stackshare.io/amazon-cognito,amazon-cognito
database connection,False,7183,,
jetty,True,7183,https://stackshare.io/jetty,jetty
javascript objects,False,7180,,
firebase storage,False,7163,,
load,False,7157,,
google calendar api,False,7157,,
nltk,True,7150,https://stackshare.io/nltk,nltk
nsstring,False,7121,,
notepad++,False,7119,,
list comprehension,False,7115,,
oracle10g,False,7110,,
powerpoint,False,7105,,
size,False,7103,,
websphere,True,7101,https://stackshare.io/websphere,websphere
uilabel,False,7084,,
flask sqlalchemy,False,7072,,
buffer,True,7067,https://stackshare.io/buffer,buffer
mysql workbench,True,7055,https://stackshare.io/mysql-workbench,mysql-workbench
httpclient,False,7024,,
mpi,False,7003,,
sapui5,True,7000,https://stackshare.io/openui5,openui5
integration testing,False,6987,,
scrollview,False,6982,,
passport.js,False,6982,,
shader,False,6979,,
ruby on rails 3.2,False,6977,,
windows store apps,False,6976,,
lodash,True,6974,https://stackshare.io/lodash,lodash
cursor,False,6973,,
playframework 2.0,False,6972,,
x86 64,False,6971,,
rx java,False,6965,,
hbase,True,6963,https://stackshare.io/hbase,hbase
ascii,False,6957,,
lisp,False,6951,,
uml,False,6948,,
extract,False,6928,,
pine script,False,6928,,
homebrew,True,6924,https://stackshare.io/homebrew,homebrew
http status code 404,False,6923,,
rendering,False,6901,,
android room,True,6900,https://stackshare.io/android-room,android-room
overloading,False,6898,,
vaadin,True,6898,https://stackshare.io/vaadin,vaadin
rsa,False,6878,,
amazon rds,True,6869,https://stackshare.io/amazon-rds,amazon-rds
google kubernetes engine,True,6866,https://stackshare.io/google-kubernetes-engine,google-kubernetes-engine
linq to entities,False,6863,,
processing,False,6851,,
pymongo,False,6849,,
undefined,False,6843,,
subset,True,6819,https://stackshare.io/subset,subset
django queryset,False,6819,,
ibm cloud,False,6816,,
robotframework,True,6813,https://stackshare.io/robot-frame-work,robot-frame-work
relational database,False,6807,,
jsoup,True,6798,https://stackshare.io/jsoup,jsoup
big o,False,6795,,
version,False,6795,,
windows phone,False,6784,,
coordinates,False,6782,,
storage,False,6780,,
oracle apex,True,6780,https://stackshare.io/oracle-apex,oracle-apex
mingw,False,6777,,
binary tree,False,6771,,
domain driven design,False,6771,,
jquery validate,False,6768,,
ethereum,True,6766,https://stackshare.io/ethereum,ethereum
port,True,6755,https://stackshare.io/port,port
png,False,6755,,
prometheus,True,6749,https://stackshare.io/prometheus,prometheus
android volley,False,6743,,
eslint,True,6741,https://stackshare.io/eslint,eslint
gnuplot,False,6737,,
text files,False,6736,,
google compute engine,True,6733,https://stackshare.io/google-compute-engine,google-compute-engine
xhtml,False,6723,,
webgl,True,6722,https://stackshare.io/webgl,webgl
blockchain,False,6715,,
histogram,False,6707,,
ejb,False,6700,,
android service,False,6700,,
flutter dependencies,False,6692,,
node modules,False,6681,,
inner join,False,6657,,
fork,True,6647,https://stackshare.io/fork,fork
vectorization,False,6636,,
visualization,False,6626,,
solidity,False,6623,,
vsto,False,6612,,
gis,False,6588,,
wildfly,True,6581,https://stackshare.io/wildfly,wildfly
automapper,False,6579,,
sails.js,True,6579,https://stackshare.io/sailsjs,sailsjs
karma jasmine,False,6578,,
heap memory,False,6575,,
awt,False,6571,,
structure,False,6564,,
jq,False,6548,,
angular5,False,6546,,
pyinstaller,False,6542,,
openmp,False,6539,,
android camera,False,6530,,
linear regression,False,6529,,
uitabbarcontroller,False,6519,,
client server,False,6517,,
mapbox,True,6516,https://stackshare.io/mapbox,mapbox
chef infra,True,6510,https://stackshare.io/chef,chef
liferay,True,6476,https://stackshare.io/liferay,liferay
azure storage,True,6475,https://stackshare.io/azure-storage,azure-storage
java.util.scanner,False,6475,,
sitecore,False,6468,,
ejs,True,6460,https://stackshare.io/ejs,ejs
grpc,True,6458,https://stackshare.io/grpc,grpc
scrollbar,False,6456,,
generator,False,6447,,
entity,False,6443,,
dropdown,False,6443,,
llvm,False,6438,,
avfoundation,False,6436,,
textarea,False,6394,,
metadata,False,6387,,
combinations,False,6383,,
pug,True,6378,https://stackshare.io/pug,pug
cross domain,False,6367,,
kibana,True,6352,https://stackshare.io/kibana,kibana
binary search tree,False,6349,,
sublimetext3,False,6339,,
touch,False,6323,,
this,False,6310,,
lstm,False,6302,,
overflow,False,6294,,
comments,False,6289,,
aws sdk,False,6284,,
css position,False,6282,,
element,True,6278,https://stackshare.io/element,element
mqtt,True,6277,https://stackshare.io/mqtt,mqtt
jekyll,True,6271,https://stackshare.io/jekyll,jekyll
slice,False,6265,,
line,True,6262,https://stackshare.io/line,line
css transitions,False,6259,,
common lisp,True,6245,https://stackshare.io/common-lisp,common-lisp
carousel,False,6240,,
mouseevent,False,6238,,
cluster analysis,False,6237,,
interface builder,False,6235,,
task parallel library,False,6234,,
nodes,False,6233,,
height,True,6221,https://stackshare.io/height,height
hyperledger fabric,True,6217,https://stackshare.io/hyperledger-fabric,hyperledger-fabric
uinavigationbar,False,6216,,
osgi,True,6206,https://stackshare.io/osgi,osgi
formula,False,6199,,
prepared statement,False,6198,,
excel 2010,False,6195,,
editor,False,6189,,
kubernetes helm,True,6171,https://stackshare.io/helm,helm
ocr,False,6170,,
c++ cli,False,6168,,
jquery animate,False,6159,,
spring webflux,False,6158,,
ssrs 2008,False,6151,,
uri,False,6147,,
config,False,6147,,
instagram,False,6147,,
couchdb,True,6142,https://stackshare.io/couchdb,couchdb
verilog,False,6140,,
associations,False,6136,,
tdd,False,6134,,
vue router,True,6129,https://stackshare.io/vue-router,vue-router
google sheets api,False,6124,,
xcode6,False,6123,,
fastapi,True,6123,https://stackshare.io/fastapi,fastapi
swt,True,6111,https://stackshare.io/swt,swt
unique,False,6110,,
sparql,False,6110,,
adobe,False,6103,,
navbar,False,6102,,
teamcity,True,6100,https://stackshare.io/teamcity,teamcity
docusignapi,True,6096,https://stackshare.io/docusign,docusign
app store connect,False,6089,,
64 bit,False,6086,,
gzip,False,6081,,
css grid,False,6078,,
ibm mobilefirst,False,6070,,
width,False,6069,,
alamofire,True,6069,https://stackshare.io/alamofire,alamofire
weblogic,False,6058,,
zooming,False,6055,,
ms access 2010,False,6051,,
android manifest,False,6045,,
xslt 1.0,False,6040,,
cross platform,False,6035,,
profiling,False,6033,,
ios simulator,False,6028,,
background image,False,6022,,
networkx,False,6019,,
posix,False,6018,,
zsh,False,6014,,
telegram,True,6012,https://stackshare.io/telegram,telegram
sequence,True,6005,https://stackshare.io/seq,seq
bootstrap 5,False,6000,,
fetch api,False,5973,,
driver,False,5968,,
html lists,False,5968,,
html parsing,False,5965,,
apply,False,5962,,
jira,True,5959,https://stackshare.io/jira,jira
css float,False,5955,,
wifi,False,5951,,
lazy loading,False,5950,,
toggle,False,5950,,
transform,False,5949,,
drawing,False,5943,,
xmpp,True,5941,https://stackshare.io/xmpp,xmpp
.net 3.5,False,5936,,
gatsby,True,5936,https://stackshare.io/gatsbyjs,gatsbyjs
ms office,False,5932,,
response,False,5929,,
python import,False,5928,,
capybara,True,5928,https://stackshare.io/capybara,capybara
javafx 8,False,5927,,
exec,False,5923,,
field,False,5915,,
create react app,True,5906,https://stackshare.io/create-react-app,create-react-app
mapkit,False,5901,,
directx,False,5899,,
azure ad b2c,False,5897,,
multiple columns,False,5887,,
powerquery,False,5887,,
textures,False,5886,,
border,False,5884,,
etl,False,5883,,
mips,False,5883,,
prestashop,True,5878,https://stackshare.io/prestashop,prestashop
signal processing,False,5855,,
preg replace,False,5855,,
chat,False,5854,,
c preprocessor,False,5843,,
racket,True,5834,https://stackshare.io/racket,racket
warnings,False,5832,,
uitextview,False,5815,,
average,False,5810,,
aggregate functions,False,5803,,
navigation drawer,False,5798,,
backup,False,5793,,
vhdl,False,5780,,
subdomain,False,5778,,
tensorflow2.0,False,5776,,
java me,False,5761,,
underscore.js,True,5755,https://stackshare.io/underscore,underscore
hosting,False,5749,,
moq,True,5749,https://stackshare.io/moq,moq
echo,True,5748,https://stackshare.io/echo,echo
.net 6.0,False,5746,,
interop,False,5745,,
hook,False,5740,,
android widget,False,5725,,
opencl,True,5720,https://stackshare.io/opencl,opencl
android alertdialog,False,5705,,
wpf controls,False,5703,,
maven 2,False,5700,,
sympy,False,5699,,
converters,False,5699,,
reactive programming,False,5695,,
grafana,True,5692,https://stackshare.io/grafana,grafana
activemq,True,5688,https://stackshare.io/activemq,activemq
virtualbox,True,5684,https://stackshare.io/virtualbox,virtualbox
swift4,False,5676,,
ssas,False,5672,,
python 3.6,False,5648,,
dynamic programming,False,5642,,
listener,False,5639,,
addition,False,5631,,
pyqt4,False,5628,,
win universal app,False,5611,,
user input,False,5610,,
android animation,False,5606,,
protocols,False,5602,,
eclipse rcp,False,5601,,
relationship,False,5600,,
cordova plugins,False,5599,,
font awesome,True,5592,https://stackshare.io/font-awesome,font-awesome
ionic4,False,5592,,
svelte,True,5585,https://stackshare.io/svelte,svelte
extjs4,False,5580,,
jquery select2,True,5577,https://stackshare.io/select2,select2
httpwebrequest,False,5575,,
spark streaming,False,5570,,
office js,False,5566,,
internet explorer 11,False,5564,,
teradata,False,5556,,
phpmailer,True,5549,https://stackshare.io/phpmailer,phpmailer
keyboard shortcuts,False,5533,,
cluster computing,False,5530,,
dialogflow es,True,5530,https://stackshare.io/dialogflow,dialogflow
pipeline,False,5522,,
progressive web apps,False,5522,,
wamp,False,5507,,
rounding,False,5506,,
jstl,True,5497,https://stackshare.io/jstl,jstl
codeigniter 3,False,5494,,
tomcat7,False,5493,,
amazon iam,True,5492,https://stackshare.io/aws-iam,aws-iam
fluent nhibernate,False,5486,,
cxf,True,5485,https://stackshare.io/apache-cxf,apache-cxf
ember data,False,5483,,
rename,False,5477,,
hashtable,False,5475,,
openpyxl,False,5472,,
push,False,5464,,
exe,False,5462,,
bundle,False,5459,,
firebase security,False,5456,,
maui,False,5454,,
xpages,False,5451,,
vite,True,5444,https://stackshare.io/vite,vite
prototype,True,5439,https://stackshare.io/prototype,prototype
tableau api,True,5437,https://stackshare.io/tableau,tableau
webstorm,True,5436,https://stackshare.io/webstorm,webstorm
branch,False,5434,,
lxml,False,5431,,
google cloud dataflow,True,5423,https://stackshare.io/google-cloud-dataflow,google-cloud-dataflow
settings,False,5418,,
openid connect,True,5413,https://stackshare.io/openid-connect,openid-connect
npm install,False,5411,,
xcode4,False,5400,,
identityserver4,False,5398,,
instance,False,5395,,
e commerce,False,5392,,
cpanel,True,5391,https://stackshare.io/cpanel,cpanel
workflow,False,5378,,
speech recognition,False,5376,,
preg match,False,5369,,
sinatra,True,5363,https://stackshare.io/sinatra,sinatra
refresh,False,5362,,
fft,False,5360,,
integration,False,5357,,
xquery,False,5351,,
performance testing,False,5343,,
nsarray,False,5343,,
opencart,True,5341,https://stackshare.io/opencart,opencart
titanium,False,5339,,
single page application,False,5334,,
code coverage,False,5332,,
knitr,False,5332,,
linkedin api,False,5330,,
settimeout,False,5314,,
google maps markers,False,5313,,
nsmutablearray,False,5311,,
facebook javascript sdk,False,5310,,
qt4,False,5308,,
submit,False,5292,,
abstract class,False,5289,,
asp.net ajax,False,5289,,
export to csv,False,5288,,
union,False,5282,,
cython,False,5281,,
parent child,False,5279,,
counter,True,5272,https://stackshare.io/counter,counter
render,True,5267,https://stackshare.io/render,render
simulation,False,5266,,
es6 promise,False,5262,,
ruby on rails 3.1,False,5259,,
permutation,False,5255,,
transition,False,5254,,
servicestack,True,5253,https://stackshare.io/servicestack,servicestack
fancybox,True,5252,https://stackshare.io/fancybox,fancybox
pom.xml,False,5251,,
octave,True,5249,https://stackshare.io/octave,octave
load balancing,False,5245,,
locale,False,5233,,
stm32,False,5229,,
antd,True,5212,https://stackshare.io/ant-design,ant-design
angular7,False,5211,,
microsoft teams,True,5209,https://stackshare.io/microsoft-teams,microsoft-teams
maven 3,False,5207,,
jakarta mail,False,5205,,
amazon ecs,True,5205,https://stackshare.io/amazon-ecs,amazon-ecs
apache pig,True,5201,https://stackshare.io/pig,pig
cgi,False,5193,,
jquery events,False,5192,,
interpolation,False,5186,,
apache nifi,True,5185,https://stackshare.io/apache-nifi,apache-nifi
memcached,True,5184,https://stackshare.io/memcached,memcached
silverlight 4.0,False,5167,,
reverse proxy,False,5159,,
sftp,False,5155,,
html select,False,5155,,
spinner,False,5153,,
c++20,False,5133,,
distinct,False,5131,,
segue,False,5129,,
zurb foundation,False,5129,,
query string,False,5128,,
magento2,False,5123,,
openlayers,True,5121,https://stackshare.io/openlayers,openlayers
spyder,True,5120,https://stackshare.io/spyder,spyder
persistence,False,5110,,
nasm,False,5110,,
cell,True,5099,https://stackshare.io/cell,cell
spring cloud,True,5099,https://stackshare.io/spring-cloud,spring-cloud
sql insert,False,5094,,
newline,False,5085,,
html email,False,5078,,
url routing,False,5077,,
product,False,5076,,
hql,False,5074,,
responsive,False,5068,,
eclipselink,False,5066,,
legend,False,5060,,
href,False,5045,,
linq to xml,False,5035,,
linux device driver,False,5035,,
adapter,False,5032,,
command line arguments,False,5030,,
special characters,False,5026,,
aem,True,5025,https://stackshare.io/aem,aem
textfield,False,5023,,
telegram bot,False,5022,,
std,True,5010,https://stackshare.io/stdlib,stdlib
google tag manager,True,5010,https://stackshare.io/google-tag-manager,google-tag-manager
google places api,True,5009,https://stackshare.io/google-places-api,google-places-api
anchor,False,5002,,
mkmapview,False,4991,,
h2,False,4990,,
google signin,False,4990,,
netty,True,4983,https://stackshare.io/netty,netty
decorator,False,4963,,
android linearlayout,False,4960,,
ubuntu 16.04,False,4959,,
amazon cloudfront,True,4958,https://stackshare.io/amazon-cloudfront,amazon-cloudfront
action,False,4954,,
pickle,False,4953,,
jpeg,False,4940,,
github pages,True,4940,https://stackshare.io/github-pages,github-pages
android notifications,False,4932,,
qt creator,True,4930,https://stackshare.io/qt-creator,qt-creator
embed,False,4927,,
alert,False,4922,,
user defined functions,False,4922,,
gstreamer,True,4921,https://stackshare.io/gstreamer,gstreamer
resharper,True,4920,https://stackshare.io/resharper,resharper
jbutton,False,4920,,
analytics,False,4918,,
sdl,True,4908,https://stackshare.io/sdl,sdl
eval,False,4907,,
nested loops,False,4907,,
tortoisesvn,True,4905,https://stackshare.io/tortoisesvn,tortoisesvn
translation,False,4901,,
codenameone,True,4896,https://stackshare.io/codename-one,codename-one
microsoft edge,True,4896,https://stackshare.io/microsoft-edge,microsoft-edge
aws amplify,True,4882,https://stackshare.io/aws-amplify,aws-amplify
ag grid,False,4878,,
geospatial,False,4876,,
viewmodel,False,4875,,
rails activerecord,False,4872,,
jhipster,True,4863,https://stackshare.io/jhipster,jhipster
sharepoint 2013,False,4861,,
javafx 2,False,4857,,
ubuntu 14.04,False,4857,,
classpath,False,4844,,
inno setup,False,4840,,
nsdate,False,4836,,
hiveql,False,4833,,
session cookies,False,4830,,
python multiprocessing,False,4818,,
overlay,False,4811,,
exchange server,False,4804,,
project,False,4799,,
android mediaplayer,False,4797,,
angular2 routing,False,4795,,
screen,False,4790,,
netsuite,True,4779,https://stackshare.io/netsuite,netsuite
typescript typings,False,4771,,
sprite,False,4768,,
stdout,False,4767,,
core graphics,False,4767,,
metaprogramming,False,4760,,
apache beam,True,4759,https://stackshare.io/apache-beam,apache-beam
datasource,False,4755,,
screenshot,False,4753,,
webbrowser control,False,4748,,
sql server 2014,False,4744,,
bokeh,True,4744,https://stackshare.io/bokeh,bokeh
monitoring,False,4743,,
hide,False,4742,,
service worker,False,4741,,
angular reactive forms,False,4733,,
angular8,False,4732,,
sencha touch,True,4730,https://stackshare.io/sencha-touch,sencha-touch
documentation,False,4728,,
native,False,4728,,
setinterval,False,4728,,
mongoid,True,4726,https://stackshare.io/mongoid,mongoid
augmented reality,False,4715,,
multipartform data,False,4713,,
return value,False,4711,,
web deployment,False,4711,,
typeorm,True,4711,https://stackshare.io/typeorm,typeorm
cpu,False,4710,,
webhooks,False,4710,,
xslt 2.0,False,4704,,
system,False,4701,,
upgrade,False,4700,,
mutex,False,4693,,
data analysis,False,4693,,
threadpool,False,4686,,
global,False,4683,,
xml serialization,False,4682,,
categories,False,4677,,
fabricjs,True,4660,https://stackshare.io/fabricjs,fabricjs
centos7,False,4647,,
csrf,False,4645,,
angular ui bootstrap,True,4645,https://stackshare.io/angular-ui-bootstrap,angular-ui-bootstrap
stata,False,4637,,
calculator,False,4636,,
owin,True,4634,https://stackshare.io/owin,owin
diff,False,4633,,
wildcard,False,4631,,
blazor server side,False,4631,,
boost asio,False,4628,,
autohotkey,False,4626,,
soapui,True,4625,https://stackshare.io/soap-ui,soap-ui
karma runner,True,4621,https://stackshare.io/karma-runner,karma-runner
object detection,False,4620,,
mobile safari,False,4619,,
crud,False,4612,,
laravel 5.1,False,4608,,
alarmmanager,False,4605,,
customization,False,4601,,
connection string,False,4599,,
server side rendering,False,4599,,
styled components,True,4591,https://stackshare.io/styled-components,styled-components
real time,False,4588,,
plotly dash,False,4579,,
postgis,True,4576,https://stackshare.io/postgis,postgis
admin,False,4575,,
ipc,False,4570,,
polygon,False,4568,,
embedded linux,False,4566,,
gunicorn,True,4562,https://stackshare.io/gunicorn,gunicorn
mp3,False,4558,,
apollo,True,4552,https://stackshare.io/apollo,apollo
contextmenu,False,4545,,
primary key,False,4545,,
svm,False,4545,,
message,False,4540,,
windows subsystem for linux,True,4537,https://stackshare.io/wsl,wsl
cross compiling,False,4536,,
advanced custom fields,False,4536,,
precision,False,4534,,
kotlin coroutines,False,4534,,
clone,False,4526,,
scale,False,4523,,
imap,False,4522,,
pass by reference,False,4510,,
static libraries,False,4508,,
primeng,True,4504,https://stackshare.io/primeng,primeng
outlook addin,False,4501,,
linear algebra,False,4497,,
xss,False,4495,,
spreadsheet,True,4492,https://stackshare.io/spreadsheet,spreadsheet
smarty,True,4492,https://stackshare.io/smarty,smarty
dask,True,4492,https://stackshare.io/dask,dask
computer science,False,4490,,
intellisense,False,4489,,
ngrx,False,4489,,
umbraco,True,4485,https://stackshare.io/umbraco,umbraco
wolfram mathematica,False,4478,,
cakephp 3.0,False,4477,,
uicollectionviewcell,False,4476,,
okhttp,True,4475,https://stackshare.io/okhttp,okhttp
gnu make,False,4471,,
share,False,4468,,
nfc,False,4466,,
youtube data api,False,4464,,
vlookup,False,4454,,
oledb,False,4453,,
gcloud,False,4453,,
typescript generics,False,4445,,
prism,True,4439,https://stackshare.io/prism,prism
middleware,True,4437,https://stackshare.io/middleware,middleware
dynamics crm 2011,False,4436,,
swagger ui,True,4436,https://stackshare.io/swagger-ui,swagger-ui
openapi,True,4434,https://stackshare.io/open-api,open-api
alias,False,4433,,
powershell 2.0,False,4430,,
innodb,False,4427,,
emulation,False,4424,,
collision detection,False,4419,,
rows,True,4413,https://stackshare.io/rows,rows
psycopg2,False,4409,,
log4j2,False,4405,,
addeventlistener,False,4403,,
recaptcha,True,4399,https://stackshare.io/google-recaptcha,google-recaptcha
heatmap,False,4397,,
shapes,False,4396,,
internet explorer 9,False,4396,,
function pointers,False,4392,,
inputstream,False,4390,,
proguard,True,4389,https://stackshare.io/proguard,proguard
tesseract,False,4385,,
inversion of control,False,4380,,
android arrayadapter,False,4380,,
bioinformatics,False,4378,,
aws cli,True,4378,https://stackshare.io/aws-cli,aws-cli
mouse,False,4377,,
limit,False,4376,,
vscode extensions,False,4375,,
rake,True,4374,https://stackshare.io/rake,rake
graph theory,False,4372,,
ms access 2007,False,4372,,
variable assignment,False,4372,,
wmi,False,4370,,
openstreetmap,True,4369,https://stackshare.io/openstreetmap,openstreetmap
google analytics api,False,4369,,
karate,False,4363,,
decode,False,4362,,
whitespace,False,4352,,
ibm mq,True,4351,https://stackshare.io/ibm-mq,ibm-mq
azure databricks,True,4347,https://stackshare.io/azure-databricks,azure-databricks
geojson,True,4338,https://stackshare.io/geojson,geojson
database migration,False,4330,,
codeblocks,False,4323,,
nan,False,4314,,
enzyme,True,4314,https://stackshare.io/enzyme,enzyme
artifactory,False,4311,,
spring kafka,False,4311,,
autofac,True,4307,https://stackshare.io/autofac,autofac
gradient,False,4299,,
plpgsql,False,4295,,
string formatting,False,4295,,
razor pages,False,4291,,
paperclip,True,4287,https://stackshare.io/paperclip,paperclip
kafka consumer api,False,4280,,
rdf,False,4270,,
gmail api,False,4267,,
android imageview,False,4264,,
sparse matrix,False,4263,,
laravel 5.3,False,4263,,
tidyr,False,4261,,
chatbot,False,4259,,
flutter web,False,4257,,
grails orm,True,4247,https://stackshare.io/gorm,gorm
antlr,False,4245,,
greatest n per group,False,4240,,
call,False,4230,,
chromium,True,4230,https://stackshare.io/chromium,chromium
delay,False,4227,,
command prompt,False,4222,,
iis 7.5,False,4221,,
quarkus,True,4216,https://stackshare.io/quarkus,quarkus
xcode8,False,4207,,
custom controls,False,4203,,
payment gateway,False,4203,,
phonegap plugins,False,4203,,
amazon cloudwatch,True,4202,https://stackshare.io/amazon-cloudwatch,amazon-cloudwatch
stack overflow,True,4195,https://stackshare.io/stack-overflow,stack-overflow
common table expression,False,4195,,
amazon sqs,True,4194,https://stackshare.io/amazon-sqs,amazon-sqs
screen scraping,False,4193,,
onclicklistener,False,4191,,
laravel 5.4,False,4188,,
asp.net core 2.0,False,4180,,
qr code,False,4175,,
wxwidgets,True,4172,https://stackshare.io/wxwidgets,wxwidgets
filenames,False,4167,,
orientation,False,4164,,
ios9,False,4160,,
python 3.7,False,4160,,
valgrind,False,4153,,
core animation,False,4152,,
accordion,False,4146,,
junit4,False,4145,,
subclass,False,4144,,
netlogo,False,4142,,
yarnpkg,False,4141,,
classloader,False,4138,,
asp.net mvc routing,False,4138,,
rx java2,False,4138,,
bundler,True,4133,https://stackshare.io/bundler,bundler
google plus,False,4132,,
window functions,False,4130,,
aws glue,True,4125,https://stackshare.io/aws-glue,aws-glue
uiimagepickercontroller,False,4120,,
cakephp 2.0,False,4117,,
ctypes,False,4116,,
rvm,False,4115,,
webclient,False,4113,,
autodesk forge,False,4112,,
programming languages,False,4111,,
raspberry pi3,False,4109,,
nsdictionary,False,4106,,
internet explorer 7,False,4100,,
clipboard,False,4091,,
panel,False,4091,,
pixel,False,4088,,
cpu architecture,False,4085,,
travis ci,True,4085,https://stackshare.io/travis-ci,travis-ci
scenekit,False,4084,,
puppet,True,4082,https://stackshare.io/puppet,puppet
wso2 esb,False,4082,,
jax ws,True,4079,https://stackshare.io/jax-ws,jax-ws
react bootstrap,False,4074,,
jsonp,False,4068,,
md5,False,4062,,
rdd,False,4061,,
exchangewebservices,False,4059,,
z index,False,4054,,
probability,False,4050,,
selection,False,4048,,
phoenix framework,True,4048,https://stackshare.io/phoenix-framework,phoenix-framework
access token,False,4046,,
sublimetext2,False,4046,,
drools,False,4045,,
liquid,True,4042,https://stackshare.io/liquid,liquid
naming conventions,False,4035,,
batch processing,False,4035,,
python multithreading,False,4032,,
couchbase,True,4023,https://stackshare.io/couchbase,couchbase
cdi,True,4016,https://stackshare.io/cdi,cdi
contacts,False,4012,,
android permissions,False,4010,,
log4net,False,4007,,
bind,False,4007,,
azure logic apps,True,4007,https://stackshare.io/azure-logic-apps,azure-logic-apps
lapply,False,4005,,
symfony4,False,4003,,
django orm,False,3999,,
spotify,False,3997,,
facebook like,False,3997,,
android view,False,3993,,
terraform provider aws,False,3992,,
xcode5,False,3989,,
symfony1,False,3984,,
javabeans,False,3984,,
winrt xaml,False,3984,,
oracle12c,False,3983,,
distance,False,3972,,
padding,False,3969,,
urllib,False,3968,,
igraph,False,3965,,
apache kafka streams,True,3965,https://stackshare.io/kafka-streams,kafka-streams
variadic templates,False,3962,,
digital ocean,False,3960,,
mdx,False,3957,,
message queue,False,3954,,
linker errors,False,3952,,
xcode7,False,3950,,
media player,False,3948,,
parquet,False,3945,,
entity framework 5,False,3943,,
mean,True,3942,https://stackshare.io/mean,mean
clr,False,3941,,
hadoop yarn,True,3937,https://stackshare.io/yarn,yarn
ads,False,3935,,
hyperledger,False,3934,,
facebook opengraph,False,3933,,
simplexml,False,3928,,
antlr4,False,3924,,
flex4,False,3918,,
unity container,False,3917,,
opengl es 2.0,False,3916,,
redhat,False,3915,,
kubernetes ingress,False,3911,,
reverse engineering,False,3900,,
iot,False,3895,,
sharepoint online,False,3891,,
replication,False,3886,,
cocos2d x,True,3886,https://stackshare.io/cocos2d-x,cocos2d-x
mean stack,False,3885,,
ip address,False,3882,,
game physics,False,3882,,
stdin,False,3881,,
selector,False,3881,,
pentaho,False,3879,,
data manipulation,False,3878,,
reshape,False,3878,,
wkwebview,False,3875,,
microsoft metro,False,3873,,
capistrano,True,3867,https://stackshare.io/capistrano,capistrano
ninject,True,3864,https://stackshare.io/ninject,ninject
each,False,3859,,
azure application insights,True,3859,https://stackshare.io/azure-application-insights,azure-application-insights
powerbi desktop,False,3858,,
complexity theory,False,3855,,
future,False,3854,,
android relativelayout,False,3854,,
manifest,False,3853,,
wget,False,3850,,
session variables,False,3849,,
sencha touch 2,False,3848,,
router,False,3843,,
activex,False,3843,,
loading,False,3837,,
firemonkey,False,3837,,
atomic,False,3834,,
marklogic,True,3834,https://stackshare.io/marklogic,marklogic
httpresponse,False,3831,,
pyodbc,False,3825,,
matlab figure,False,3825,,
automatic ref counting,True,3819,https://stackshare.io/arc,arc
sql server 2016,False,3812,,
liquibase,True,3811,https://stackshare.io/liquibase,liquibase
updates,False,3809,,
android canvas,False,3808,,
game engine,False,3802,,
numpy ndarray,False,3802,,
reverse,False,3795,,
option type,False,3795,,
quartz scheduler,False,3793,,
spacy,True,3792,https://stackshare.io/spacy,spacy
ui automation,False,3791,,
sql injection,False,3789,,
minecraft,False,3788,,
openxml,False,3780,,
nsuserdefaults,False,3779,,
.net 4.5,False,3778,,
elisp,False,3776,,
google cloud sql,True,3776,https://stackshare.io/google-cloud-sql,google-cloud-sql
apache kafka connect,False,3771,,
inline,False,3769,,
firebird,True,3768,https://stackshare.io/firebird,firebird
tornado,True,3768,https://stackshare.io/tornado,tornado
django urls,False,3768,,
pinvoke,False,3762,,
gallery,False,3762,,
logistic regression,False,3758,,
amazon eks,True,3758,https://stackshare.io/amazon-eks,amazon-eks
afnetworking,False,3756,,
visual studio 2022,False,3756,,
grand central dispatch,False,3754,,
war,False,3753,,
wicket,False,3752,,
marshalling,False,3741,,
github api,False,3738,,
local,False,3733,,
one to many,False,3733,,
text to speech,False,3732,,
game development,False,3732,,
margin,False,3731,,
yocto,False,3730,,
system calls,False,3728,,
handler,False,3726,,
c# 3.0,False,3723,,
mvvmcross,False,3723,,
reporting,False,3719,,
executable,False,3717,,
web component,False,3713,,
richfaces,True,3712,https://stackshare.io/richfaces,richfaces
microcontroller,False,3711,,
raster,False,3707,,
frame,False,3707,,
python sphinx,False,3706,,
avro,True,3705,https://stackshare.io/avro,avro
uisearchbar,False,3702,,
windows 8.1,False,3701,,
elastic stack,False,3700,,
nokogiri,False,3697,,
apache zookeeper,True,3696,https://stackshare.io/zookeeper,zookeeper
sql server ce,False,3690,,
openid,False,3687,,
aop,False,3687,,
nvidia,False,3687,,
immutability,False,3686,,
react testing library,True,3686,https://stackshare.io/react-testing-library,react-testing-library
maven plugin,False,3685,,
splash screen,True,3684,https://stackshare.io/splash,splash
random forest,False,3684,,
excel 2007,False,3679,,
facebook php sdk,False,3677,,
background color,False,3674,,
angular routing,False,3674,,
nuget package,False,3672,,
code generation,False,3670,,
correlation,False,3668,,
logback,True,3666,https://stackshare.io/logback,logback
kubectl,False,3664,,
psql,False,3654,,
paypal sandbox,False,3653,,
draggable,True,3648,https://stackshare.io/draggable,draggable
azureservicebus,True,3645,https://stackshare.io/azure-service-bus,azure-service-bus
drupal 6,False,3643,,
block,False,3637,,
uigesturerecognizer,False,3637,,
phpexcel,False,3636,,
lookup,False,3629,,
wrapper,False,3629,,
export to excel,False,3626,,
ubuntu 18.04,False,3625,,
syntax highlighting,False,3624,,
ssrs 2012,False,3621,,
scatter plot,False,3619,,
atom editor,False,3619,,
blazor webassembly,False,3617,,
pdfbox,False,3616,,
office interop,False,3612,,
passenger,True,3611,https://stackshare.io/passenger,passenger
avplayer,False,3609,,
activeadmin,True,3608,https://stackshare.io/active-admin,active-admin
junit5,False,3608,,
aws cdk,True,3604,https://stackshare.io/aws-cdk,aws-cdk
mediawiki,True,3603,https://stackshare.io/mediawiki,mediawiki
struts,False,3598,,
bit,True,3598,https://stackshare.io/bit,bit
appcelerator,True,3596,https://stackshare.io/appcelerator,appcelerator
fxml,False,3592,,
toolbar,False,3590,,
saml,False,3585,,
biztalk,False,3582,,
open source,False,3579,,
series,False,3574,,
argparse,False,3574,,
store,False,3571,,
jboss7.x,False,3570,,
android support library,False,3569,,
slideshow,False,3567,,
asset pipeline,False,3566,,
sfml,False,3565,,
materialize,True,3563,https://stackshare.io/materialize,materialize
google docs,True,3561,https://stackshare.io/google-docs,google-docs
gremlin,False,3561,,
rgb,False,3560,,
assets,False,3560,,
dynamic memory allocation,False,3560,,
extension methods,False,3559,,
infinite loop,False,3557,,
redux toolkit,False,3557,,
reduce,False,3555,,
richtextbox,False,3554,,
benchmarking,False,3552,,
xlsx,False,3550,,
pyside,False,3549,,
html5 audio,False,3549,,
android spinner,False,3546,,
intel,False,3545,,
python unittest,False,3542,,
header files,False,3540,,
draw,False,3540,,
dropbox,True,3540,https://stackshare.io/dropbox,dropbox
haml,True,3538,https://stackshare.io/haml,haml
increment,False,3538,,
guava,True,3538,https://stackshare.io/guava,guava
kerberos,False,3536,,
ienumerable,False,3535,,
alfresco,True,3535,https://stackshare.io/alfresco,alfresco
transparency,False,3532,,
use effect,False,3529,,
acumatica,False,3518,,
serverless,True,3518,https://stackshare.io/serverless,serverless
cs50,False,3517,,
default,False,3516,,
symbols,False,3513,,
physics,False,3513,,
prisma,True,3513,https://stackshare.io/prisma,prisma
amazon athena,True,3512,https://stackshare.io/amazon-athena,amazon-athena
dotnetnuke,True,3509,https://stackshare.io/dnn,dnn
xdebug,False,3508,,
actionlistener,False,3503,,
k means,False,3503,,
scheduler,False,3502,,
lotus notes,False,3497,,
jpql,False,3496,,
fullscreen,False,3494,,
google maps android api 2,False,3494,,
monads,False,3492,,
backgroundworker,False,3492,,
traits,False,3488,,
windows xp,False,3486,,
footer,False,3483,,
onchange,False,3482,,
copy paste,False,3481,,
data cleaning,False,3478,,
azure aks,True,3475,https://stackshare.io/azure-kubernetes-service,azure-kubernetes-service
curve fitting,False,3474,,
deadlock,False,3470,,
twisted,True,3470,https://stackshare.io/twisted,twisted
wait,False,3469,,
html agility pack,False,3469,,
package.json,False,3468,,
digital signature,False,3467,,
eigen,False,3465,,
c++builder,False,3463,,
setuptools,False,3460,,
sqlplus,False,3454,,
plist,False,3450,,
git bash,False,3450,,
mern,False,3449,,
mime types,False,3445,,
purrr,False,3445,,
move,False,3441,,
font face,False,3437,,
powershell 3.0,False,3435,,
importerror,False,3433,,
system.reactive,False,3433,,
transformation,False,3432,,
ros,False,3432,,
sublimetext,True,3427,https://stackshare.io/sublime-text,sublime-text
jquery ui sortable,False,3425,,
mybatis,True,3421,https://stackshare.io/mybatis,mybatis
declaration,False,3420,,
python 3.5,False,3420,,
center,False,3419,,
payment,False,3416,,
libraries,False,3416,,
aggregation,False,3410,,
office addins,False,3407,,
aurelia,True,3406,https://stackshare.io/aurelia,aurelia
jsonschema,False,3400,,
bdd,False,3399,,
external,False,3399,,
trigonometry,False,3395,,
android adapter,False,3394,,
mathematical optimization,False,3393,,
load testing,False,3391,,
system verilog,False,3390,,
boxplot,False,3389,,
clickonce,False,3387,,
magento 1.7,False,3387,,
actions on google,False,3386,,
apollo client,False,3386,,
standards,False,3382,,
facebook login,False,3379,,
sendgrid,False,3378,,
release,True,3372,https://stackshare.io/release,release
x11,False,3369,,
datetimepicker,False,3367,,
recurrent neural network,False,3367,,
media,False,3366,,
commit,False,3366,,
amazon emr,True,3364,https://stackshare.io/amazon-emr,amazon-emr
mongoose schema,False,3364,,
.net assembly,False,3357,,
primes,False,3355,,
git merge,False,3355,,
android espresso,False,3354,,
uipickerview,False,3352,,
root,False,3350,,
shared ptr,False,3347,,
desktop application,False,3346,,
publish,False,3344,,
eclipse cdt,False,3343,,
vpn,False,3341,,
deep linking,False,3340,,
sybase,True,3339,https://stackshare.io/sybase,sybase
spatial,False,3339,,
tweepy,False,3338,,
semaphore,True,3336,https://stackshare.io/semaphore,semaphore
here api,False,3335,,
basic authentication,False,3330,,
react props,False,3322,,
aspectj,False,3320,,
use state,False,3320,,
abap,False,3318,,
interrupt,False,3317,,
slf4j,True,3316,https://stackshare.io/slf4j,slf4j
stanford nlp,True,3311,https://stackshare.io/corenlp,corenlp
android custom view,False,3308,,
zeromq,True,3305,https://stackshare.io/zeromq,zeromq
spring data mongodb,False,3301,,
arkit,False,3298,,
regex lookarounds,False,3297,,
wso2 api manager,True,3297,https://stackshare.io/wso2-api-manager,wso2-api-manager
tfsbuild,False,3291,,
hook woocommerce,False,3289,,
transpose,False,3288,,
box2d,False,3288,,
bufferedreader,False,3284,,
cloud foundry,True,3282,https://stackshare.io/cloud-foundry,cloud-foundry
tls1.2,False,3282,,
actionbarsherlock,False,3280,,
updatepanel,False,3275,,
mstest,False,3273,,
webpack dev server,False,3272,,
connection pooling,False,3270,,
grammar,False,3269,,
jlabel,False,3267,,
bazel,True,3263,https://stackshare.io/bazel,bazel
uuid,False,3261,,
perforce,True,3261,https://stackshare.io/perforce,perforce
vertical alignment,False,3260,,
blender,True,3260,https://stackshare.io/blender,blender
httpurlconnection,False,3257,,
asp.net membership,False,3250,,
windows mobile,False,3249,,
custom post type,False,3249,,
mod wsgi,False,3247,,
lwjgl,False,3243,,
git branch,False,3239,,
indentation,False,3237,,
gtk3,False,3237,,
slack,True,3235,https://stackshare.io/slack,slack
entity framework migrations,False,3233,,
project reactor,True,3233,https://stackshare.io/project-reactor,project-reactor
multilingual,False,3232,,
hibernate mapping,False,3232,,
turtle graphics,False,3230,,
watchkit,False,3229,,
flink streaming,False,3226,,
quicksort,False,3223,,
geocoding,False,3222,,
cart,False,3219,,
android constraintlayout,False,3219,,
multer,False,3218,,
vmware,False,3217,,
glob,False,3217,,
guice,True,3217,https://stackshare.io/guice,guice
jpa 2.0,False,3216,,
key value,False,3209,,
mamp,True,3208,https://stackshare.io/mamp,mamp
android contentprovider,False,3207,,
mysql python,False,3206,,
x509certificate,False,3205,,
edit,False,3204,,
forms authentication,False,3203,,
libcurl,False,3201,,
normalization,False,3200,,
gif,False,3198,,
nested lists,False,3193,,
destructor,False,3191,,
visibility,False,3190,,
sleep,False,3190,,
xunit,True,3190,https://stackshare.io/xunit,xunit
sql like,False,3190,,
repository pattern,False,3185,,
compiler optimization,False,3184,,
associative array,False,3180,,
factory,False,3180,,
alexa skills kit,False,3180,,
array formulas,False,3179,,
encode,False,3178,,
dagger 2,False,3178,,
require,False,3176,,
docker swarm,True,3176,https://stackshare.io/docker-swarm,docker-swarm
cloudflare,True,3175,https://stackshare.io/cloudflare,cloudflare
repeat,False,3174,,
background process,False,3168,,
auth0,True,3167,https://stackshare.io/auth0,auth0
partitioning,False,3166,,
bower,True,3165,https://stackshare.io/bower,bower
virtual,False,3159,,
google forms,True,3156,https://stackshare.io/google-forms,google-forms
spring security oauth2,False,3156,,
nest,False,3155,,
distribution,False,3151,,
thumbnails,False,3151,,
swift5,False,3150,,
react native ios,False,3149,,
shared memory,False,3148,,
presto,True,3144,https://stackshare.io/presto,presto
datetime format,False,3143,,
azure service fabric,True,3143,https://stackshare.io/azure-service-fabric,azure-service-fabric
web hosting,False,3142,,
doxygen,False,3141,,
visual studio 2005,False,3140,,
git submodules,False,3140,,
coronasdk,True,3140,https://stackshare.io/corona-sdk,corona-sdk
codeigniter 2,False,3140,,
versioning,False,3135,,
crop,False,3132,,
microsoft dynamics,False,3126,,
expandablelistview,False,3125,,
nexus,False,3124,,
bouncycastle,False,3121,,
app config,False,3118,,
angularfire2,False,3116,,
android toolbar,False,3115,,
ember cli,True,3110,https://stackshare.io/ember-cli,ember-cli
nsurlconnection,False,3109,,
equals,False,3105,,
virtualhost,False,3105,,
android source,False,3104,,
whatsapp,True,3099,https://stackshare.io/whatsapp,whatsapp
sql delete,False,3098,,
compact framework,False,3094,,
typedef,False,3094,,
remote access,False,3092,,
file permissions,False,3091,,
core location,False,3090,,
gitlab ci runner,False,3089,,
huggingface transformers,False,3089,,
form submit,False,3088,,
p5.js,False,3088,,
crm,False,3087,,
delphi 7,False,3087,,
na,False,3086,,
data mining,False,3085,,
mp4,False,3084,,
barcode,False,3084,,
python itertools,False,3084,,
userform,False,3081,,
collision,False,3079,,
swig,False,3078,,
dashboard,False,3073,,
jndi,False,3073,,
data modeling,False,3072,,
serverless framework,False,3072,,
freemarker,True,3068,https://stackshare.io/freemarker,freemarker
flash builder,False,3068,,
uwp xaml,False,3065,,
bitwise operators,False,3060,,
wear os,False,3060,,
cdn,False,3056,,
multi tenant,False,3055,,
moodle,False,3051,,
.net 5,False,3051,,
saml 2.0,False,3050,,
docx,False,3048,,
magento 1.9,False,3047,,
roles,False,3046,,
rcpp,False,3044,,
crashlytics,True,3044,https://stackshare.io/crashlytics,crashlytics
axis,False,3043,,
offset,False,3043,,
video processing,False,3041,,
facebook fql,False,3041,,
weka,False,3041,,
windows authentication,False,3039,,
data annotations,False,3036,,
e2e testing,False,3036,,
smartcontracts,False,3036,,
pie chart,False,3035,,
wireshark,True,3034,https://stackshare.io/wireshark,wireshark
carrierwave,True,3034,https://stackshare.io/carrierwave,carrierwave
contains,False,3025,,
min,False,3022,,
filepath,False,3021,,
android xml,False,3020,,
ignite,True,3019,https://stackshare.io/apache-ignite,apache-ignite
delimiter,False,3017,,
nio,False,3013,,
sharepoint 2007,False,3012,,
firewall,False,3011,,
xib,False,3011,,
wav,False,3010,,
influxdb,True,3008,https://stackshare.io/influxdb,influxdb
rdlc,False,3007,,
esp32,True,3006,https://stackshare.io/esp32,esp32
wso2 identity server,True,3005,https://stackshare.io/wso2-identity-server,wso2-identity-server
program entry point,False,3000,,
obfuscation,False,2999,,
layout manager,False,2999,,
image uploading,False,2997,,
java 7,False,2996,,
android drawable,False,2994,,
device,False,2989,,
innerhtml,False,2989,,
freeze,False,2988,,
google cloud pubsub,True,2988,https://stackshare.io/google-cloud-pubsub,google-cloud-pubsub
v8,False,2986,,
sendmail,False,2986,,
raspbian,True,2986,https://stackshare.io/raspbian,raspbian
record,False,2983,,
compatibility,False,2981,,
instagram api,False,2981,,
tokenize,False,2980,,
drawable,False,2979,,
currency,False,2977,,
raphael,True,2976,https://stackshare.io/raphael,raphael
document,False,2975,,
hardware,False,2973,,
identity,False,2971,,
jquery ui datepicker,False,2971,,
azure resource manager,True,2971,https://stackshare.io/azure-resource-manager,azure-resource-manager
android jetpack,False,2969,,
javadoc,False,2967,,
gitignore,False,2964,,
publish subscribe,False,2964,,
graph databases,False,2963,,
binary search,False,2962,,
jtextfield,False,2960,,
browserify,True,2960,https://stackshare.io/browserify,browserify
angular material2,False,2960,,
entity relationship,False,2959,,
breakpoints,False,2959,,
urllib2,False,2959,,
abstract syntax tree,False,2957,,
new operator,False,2956,,
nspredicate,False,2956,,
gd,False,2954,,
orchardcms,True,2954,https://stackshare.io/orchardcms,orchardcms
dependency management,False,2952,,
amazon sns,True,2949,https://stackshare.io/amazon-sns,amazon-sns
openstack,True,2949,https://stackshare.io/openstack,openstack
filereader,False,2948,,
uwsgi,True,2947,https://stackshare.io/uwsgi,uwsgi
sdl 2,False,2947,,
aframe,True,2947,https://stackshare.io/a-frame,a-frame
master pages,False,2945,,
blogger,True,2944,https://stackshare.io/blogger,blogger
attachment,False,2941,,
stdvector,False,2940,,
fs,False,2940,,
x86 16,False,2940,,
display,False,2938,,
database schema,False,2937,,
vercel,True,2936,https://stackshare.io/vercel,vercel
uistoryboard,False,2935,,
graphviz,False,2933,,
nsdateformatter,False,2933,,
chai,True,2933,https://stackshare.io/chai,chai
file handling,False,2932,,
jodatime,False,2931,,
intervals,False,2930,,
highlight,True,2927,https://stackshare.io/highlight,highlight
amazon sagemaker,True,2923,https://stackshare.io/amazon-sagemaker,amazon-sagemaker
hazelcast,True,2922,https://stackshare.io/hazelcast,hazelcast
gdi+,False,2921,,
latitude longitude,False,2921,,
matrix multiplication,False,2921,,
react context,False,2921,,
search engine,False,2916,,
slack api,False,2916,,
parent,False,2915,,
stylesheet,False,2912,,
binaryfiles,False,2908,,
windbg,False,2906,,
formik,True,2904,https://stackshare.io/formik,formik
iis 6,False,2903,,
private,False,2901,,
java 11,False,2900,,
fopen,False,2899,,
entity framework 4.1,False,2898,,
android livedata,False,2898,,
onedrive,True,2896,https://stackshare.io/onedrive,onedrive
browser cache,False,2889,,
asterisk,False,2887,,
elementtree,False,2887,,
simulink,False,2886,,
cpu usage,False,2886,,
angular2 template,False,2884,,
dotnet httpclient,False,2883,,
coq,False,2881,,
plone,True,2879,https://stackshare.io/plone,plone
conditional formatting,False,2876,,
sip,False,2875,,
observablecollection,False,2875,,
python 2.x,False,2875,,
azure powershell,False,2873,,
do while,False,2870,,
dapper,True,2866,https://stackshare.io/dapper,dapper
rvest,False,2864,,
frequency,False,2863,,
jobs,False,2862,,
webassembly,True,2862,https://stackshare.io/webassembly,webassembly
jenkins groovy,False,2862,,
startup,False,2861,,
blogs,False,2860,,
calayer,False,2858,,
indexoutofboundsexception,False,2857,,
mvvm light,False,2856,,
